-- ============================================================
-- Seed Data — Development Only (Full Dataset)
-- Covers: Auth, School Setup, Students, Teachers, Attendance,
-- Fees, Exams, Inventory/POS, Notifications.
-- ============================================================
-- Recommended usage:
--   supabase db reset --linked
-- This file is configured in supabase/config.toml [db.seed].

BEGIN;

-- ------------------------------------------------------------
-- 1) CLEANUP (IDEMPOTENT)
-- ------------------------------------------------------------

DELETE FROM auth.identities
WHERE user_id IN (
  SELECT id FROM auth.users WHERE email IN (
    'superadmin@edunexus.demo',
    'admin@demo.school',
    'teacher1@demo.school',
    'teacher2@demo.school',
    'manager@demo.school',
    'cashier@demo.school',
    'parent@demo.school'
  )
);

DELETE FROM auth.users
WHERE email IN (
  'superadmin@edunexus.demo',
  'admin@demo.school',
  'teacher1@demo.school',
  'teacher2@demo.school',
  'manager@demo.school',
  'cashier@demo.school',
  'parent@demo.school'
);

TRUNCATE TABLE
  notification_logs,
  stock_adjustments,
  inventory_sale_items,
  inventory_sales,
  inventory_items,
  marks,
  exam_subjects,
  exams,
  grading_rules,
  fee_payment_items,
  fee_payments,
  fee_structures,
  fee_categories,
  attendance_records,
  teacher_section_assignments,
  teachers,
  parents,
  students,
  subjects,
  sections,
  classes,
  academic_years,
  user_profiles,
  schools
RESTART IDENTITY CASCADE;

-- ------------------------------------------------------------
-- 2) AUTH USERS + IDENTITIES
-- ------------------------------------------------------------

WITH demo_users (id, email, full_name, app_role, password) AS (
  VALUES
    ('10000000-0000-0000-0000-000000000001'::UUID, 'superadmin@edunexus.demo', 'Platform Super Admin', 'super_admin', 'SuperAdmin@123'),
    ('10000000-0000-0000-0000-000000000002'::UUID, 'admin@demo.school',       'Demo School Admin',    'school_admin', 'Admin@1234'),
    ('10000000-0000-0000-0000-000000000003'::UUID, 'teacher1@demo.school',    'Rhea Sharma',          'teacher',      'Teacher@1234'),
    ('10000000-0000-0000-0000-000000000004'::UUID, 'manager@demo.school',     'Karan Verma',          'manager',      'Manager@1234'),
    ('10000000-0000-0000-0000-000000000005'::UUID, 'cashier@demo.school',     'Amit Joshi',           'cashier',      'Cashier@1234'),
    ('10000000-0000-0000-0000-000000000006'::UUID, 'parent@demo.school',      'Neha Sharma',          'parent',       'Parent@1234'),
    ('10000000-0000-0000-0000-000000000007'::UUID, 'teacher2@demo.school',    'Isha Nair',            'teacher',      'Teacher2@1234')
)
INSERT INTO auth.users (
  instance_id,
  id,
  aud,
  role,
  email,
  encrypted_password,
  email_confirmed_at,
  raw_app_meta_data,
  raw_user_meta_data,
  created_at,
  updated_at
)
SELECT
  '00000000-0000-0000-0000-000000000000'::UUID,
  du.id,
  'authenticated',
  'authenticated',
  du.email,
  extensions.crypt(du.password, extensions.gen_salt('bf')),
  NOW(),
  jsonb_build_object('provider', 'email', 'providers', jsonb_build_array('email'), 'role', du.app_role),
  jsonb_build_object('full_name', du.full_name),
  NOW(),
  NOW()
FROM demo_users du;

INSERT INTO auth.identities (
  id,
  user_id,
  identity_data,
  provider,
  provider_id,
  last_sign_in_at,
  created_at,
  updated_at
)
SELECT
  gen_random_uuid(),
  u.id,
  jsonb_build_object(
    'sub', u.id::TEXT,
    'email', u.email,
    'email_verified', TRUE,
    'phone_verified', FALSE
  ),
  'email',
  u.id::TEXT,
  NOW(),
  NOW(),
  NOW()
FROM auth.users u
WHERE u.email IN (
  'superadmin@edunexus.demo',
  'admin@demo.school',
  'teacher1@demo.school',
  'teacher2@demo.school',
  'manager@demo.school',
  'cashier@demo.school',
  'parent@demo.school'
)
ON CONFLICT DO NOTHING;

-- ------------------------------------------------------------
-- 3) CORE SCHOOL SETUP
-- ------------------------------------------------------------

INSERT INTO schools (
  id, name, code, address, city, state, pincode, phone, email, website,
  theme_color, academic_year_start_month, is_active
)
VALUES
  (
    '00000000-0000-0000-0000-000000000001'::UUID,
    'Demo High School',
    'DHS001',
    '123 School Street',
    'Mumbai',
    'Maharashtra',
    '400001',
    '+91 98765 43210',
    'admin@demohighschool.edu',
    'https://demo-high-school.edu',
    '#3B82F6',
    4,
    TRUE
  ),
  (
    '00000000-0000-0000-0000-000000000002'::UUID,
    'Sunrise Public School',
    'SPS002',
    '7 Lake Road',
    'Pune',
    'Maharashtra',
    '411001',
    '+91 91234 56789',
    'office@sunrisepublic.edu',
    'https://sunrisepublic.edu',
    '#0EA5E9',
    4,
    TRUE
  );

INSERT INTO academic_years (id, school_id, name, start_date, end_date, is_current)
VALUES
  ('30000000-0000-0000-0000-000000000001'::UUID, '00000000-0000-0000-0000-000000000001'::UUID, '2025-26', '2025-04-01', '2026-03-31', TRUE),
  ('30000000-0000-0000-0000-000000000002'::UUID, '00000000-0000-0000-0000-000000000001'::UUID, '2024-25', '2024-04-01', '2025-03-31', FALSE),
  ('30000000-0000-0000-0000-000000000003'::UUID, '00000000-0000-0000-0000-000000000002'::UUID, '2025-26', '2025-04-01', '2026-03-31', TRUE);

INSERT INTO classes (id, school_id, name, display_order, is_active)
VALUES
  ('40000000-0000-0000-0000-000000000001'::UUID, '00000000-0000-0000-0000-000000000001'::UUID, 'Class 1', 1, TRUE),
  ('40000000-0000-0000-0000-000000000002'::UUID, '00000000-0000-0000-0000-000000000001'::UUID, 'Class 2', 2, TRUE),
  ('40000000-0000-0000-0000-000000000010'::UUID, '00000000-0000-0000-0000-000000000001'::UUID, 'Class 10', 10, TRUE),
  ('40000000-0000-0000-0000-000000000099'::UUID, '00000000-0000-0000-0000-000000000002'::UUID, 'Class 9', 9, TRUE);

INSERT INTO sections (id, school_id, class_id, name, capacity, is_active)
VALUES
  ('41000000-0000-0000-0000-000000000001'::UUID, '00000000-0000-0000-0000-000000000001'::UUID, '40000000-0000-0000-0000-000000000001'::UUID, 'A', 40, TRUE),
  ('41000000-0000-0000-0000-000000000002'::UUID, '00000000-0000-0000-0000-000000000001'::UUID, '40000000-0000-0000-0000-000000000002'::UUID, 'A', 42, TRUE),
  ('41000000-0000-0000-0000-000000000010'::UUID, '00000000-0000-0000-0000-000000000001'::UUID, '40000000-0000-0000-0000-000000000010'::UUID, 'A', 35, TRUE),
  ('41000000-0000-0000-0000-000000000011'::UUID, '00000000-0000-0000-0000-000000000001'::UUID, '40000000-0000-0000-0000-000000000010'::UUID, 'B', 35, TRUE),
  ('41000000-0000-0000-0000-000000000099'::UUID, '00000000-0000-0000-0000-000000000002'::UUID, '40000000-0000-0000-0000-000000000099'::UUID, 'A', 40, TRUE);

INSERT INTO subjects (id, school_id, class_id, name, code, is_active)
VALUES
  ('42000000-0000-0000-0000-000000000001'::UUID, '00000000-0000-0000-0000-000000000001'::UUID, '40000000-0000-0000-0000-000000000010'::UUID, 'Mathematics', 'MATH10', TRUE),
  ('42000000-0000-0000-0000-000000000002'::UUID, '00000000-0000-0000-0000-000000000001'::UUID, '40000000-0000-0000-0000-000000000010'::UUID, 'Science', 'SCI10', TRUE),
  ('42000000-0000-0000-0000-000000000003'::UUID, '00000000-0000-0000-0000-000000000001'::UUID, '40000000-0000-0000-0000-000000000010'::UUID, 'English', 'ENG10', TRUE),
  ('42000000-0000-0000-0000-000000000004'::UUID, '00000000-0000-0000-0000-000000000001'::UUID, '40000000-0000-0000-0000-000000000002'::UUID, 'EVS', 'EVS2', TRUE),
  ('42000000-0000-0000-0000-000000000005'::UUID, '00000000-0000-0000-0000-000000000001'::UUID, '40000000-0000-0000-0000-000000000001'::UUID, 'English', 'ENG1', TRUE),
  ('42000000-0000-0000-0000-000000000006'::UUID, '00000000-0000-0000-0000-000000000001'::UUID, '40000000-0000-0000-0000-000000000001'::UUID, 'Mathematics', 'MATH1', TRUE);

INSERT INTO user_profiles (
  id, school_id, auth_user_id, full_name, email, phone, role, is_active
)
VALUES
  ('20000000-0000-0000-0000-000000000001'::UUID, NULL, '10000000-0000-0000-0000-000000000001'::UUID, 'Platform Super Admin', 'superadmin@edunexus.demo', '+91 90000 00001', 'super_admin', TRUE),
  ('20000000-0000-0000-0000-000000000002'::UUID, '00000000-0000-0000-0000-000000000001'::UUID, '10000000-0000-0000-0000-000000000002'::UUID, 'Demo School Admin', 'admin@demo.school', '+91 90000 00002', 'school_admin', TRUE),
  ('20000000-0000-0000-0000-000000000003'::UUID, '00000000-0000-0000-0000-000000000001'::UUID, '10000000-0000-0000-0000-000000000003'::UUID, 'Rhea Sharma', 'teacher1@demo.school', '+91 90000 00003', 'teacher', TRUE),
  ('20000000-0000-0000-0000-000000000004'::UUID, '00000000-0000-0000-0000-000000000001'::UUID, '10000000-0000-0000-0000-000000000004'::UUID, 'Karan Verma', 'manager@demo.school', '+91 90000 00004', 'manager', TRUE),
  ('20000000-0000-0000-0000-000000000005'::UUID, '00000000-0000-0000-0000-000000000001'::UUID, '10000000-0000-0000-0000-000000000005'::UUID, 'Amit Joshi', 'cashier@demo.school', '+91 90000 00005', 'cashier', TRUE),
  ('20000000-0000-0000-0000-000000000006'::UUID, '00000000-0000-0000-0000-000000000001'::UUID, '10000000-0000-0000-0000-000000000006'::UUID, 'Neha Sharma', 'parent@demo.school', '+91 90000 00006', 'parent', TRUE),
  ('20000000-0000-0000-0000-000000000007'::UUID, '00000000-0000-0000-0000-000000000001'::UUID, '10000000-0000-0000-0000-000000000007'::UUID, 'Isha Nair', 'teacher2@demo.school', '+91 90000 00007', 'teacher', TRUE);

INSERT INTO teachers (
  id, school_id, user_profile_id, employee_id, qualification, specialization, join_date, is_active
)
VALUES
  ('43000000-0000-0000-0000-000000000001'::UUID, '00000000-0000-0000-0000-000000000001'::UUID, '20000000-0000-0000-0000-000000000003'::UUID, 'EMP-T001', 'MSc', 'Science', '2024-06-01', TRUE),
  ('43000000-0000-0000-0000-000000000002'::UUID, '00000000-0000-0000-0000-000000000001'::UUID, '20000000-0000-0000-0000-000000000007'::UUID, 'EMP-T002', 'MA', 'English', '2024-06-05', TRUE);

INSERT INTO teacher_section_assignments (
  id, school_id, teacher_id, section_id, subject_id, is_class_teacher, academic_year_id
)
VALUES
  ('44000000-0000-0000-0000-000000000001'::UUID, '00000000-0000-0000-0000-000000000001'::UUID, '43000000-0000-0000-0000-000000000001'::UUID, '41000000-0000-0000-0000-000000000010'::UUID, '42000000-0000-0000-0000-000000000001'::UUID, TRUE,  '30000000-0000-0000-0000-000000000001'::UUID),
  ('44000000-0000-0000-0000-000000000002'::UUID, '00000000-0000-0000-0000-000000000001'::UUID, '43000000-0000-0000-0000-000000000001'::UUID, '41000000-0000-0000-0000-000000000010'::UUID, '42000000-0000-0000-0000-000000000002'::UUID, FALSE, '30000000-0000-0000-0000-000000000001'::UUID),
  ('44000000-0000-0000-0000-000000000003'::UUID, '00000000-0000-0000-0000-000000000001'::UUID, '43000000-0000-0000-0000-000000000002'::UUID, '41000000-0000-0000-0000-000000000011'::UUID, '42000000-0000-0000-0000-000000000003'::UUID, TRUE,  '30000000-0000-0000-0000-000000000001'::UUID),
  ('44000000-0000-0000-0000-000000000004'::UUID, '00000000-0000-0000-0000-000000000001'::UUID, '43000000-0000-0000-0000-000000000002'::UUID, '41000000-0000-0000-0000-000000000002'::UUID, '42000000-0000-0000-0000-000000000004'::UUID, FALSE, '30000000-0000-0000-0000-000000000001'::UUID);

-- ------------------------------------------------------------
-- 4) STUDENTS + PARENTS + ATTENDANCE
-- ------------------------------------------------------------

INSERT INTO students (
  id, school_id, admission_number, full_name, date_of_birth, gender, blood_group,
  address, class_id, section_id, roll_number, admission_date, is_active
)
VALUES
  ('50000000-0000-0000-0000-000000000001'::UUID, '00000000-0000-0000-0000-000000000001'::UUID, 'ADM-10A-001', 'Aarav Sharma', '2010-05-12', 'male',   'B+', 'Andheri East, Mumbai', '40000000-0000-0000-0000-000000000010'::UUID, '41000000-0000-0000-0000-000000000010'::UUID, '10A01', '2021-06-01', TRUE),
  ('50000000-0000-0000-0000-000000000002'::UUID, '00000000-0000-0000-0000-000000000001'::UUID, 'ADM-10A-002', 'Diya Patel',   '2010-08-23', 'female', 'O+', 'Bandra West, Mumbai',  '40000000-0000-0000-0000-000000000010'::UUID, '41000000-0000-0000-0000-000000000010'::UUID, '10A02', '2021-06-01', TRUE),
  ('50000000-0000-0000-0000-000000000003'::UUID, '00000000-0000-0000-0000-000000000001'::UUID, 'ADM-10B-001', 'Rohan Mehta',  '2010-11-09', 'male',   'A+', 'Powai, Mumbai',        '40000000-0000-0000-0000-000000000010'::UUID, '41000000-0000-0000-0000-000000000011'::UUID, '10B01', '2021-06-01', TRUE),
  ('50000000-0000-0000-0000-000000000004'::UUID, '00000000-0000-0000-0000-000000000001'::UUID, 'ADM-2A-001',  'Ananya Iyer',  '2016-03-15', 'female', 'AB+', 'Chembur, Mumbai',      '40000000-0000-0000-0000-000000000002'::UUID, '41000000-0000-0000-0000-000000000002'::UUID, '2A01',  '2023-06-01', TRUE),
  ('50000000-0000-0000-0000-000000000005'::UUID, '00000000-0000-0000-0000-000000000001'::UUID, 'ADM-1A-001',  'Vihaan Singh', '2017-02-01', 'male',   'O-', 'Dadar, Mumbai',        '40000000-0000-0000-0000-000000000001'::UUID, '41000000-0000-0000-0000-000000000001'::UUID, '1A01',  '2024-06-03', TRUE),
  ('50000000-0000-0000-0000-000000000006'::UUID, '00000000-0000-0000-0000-000000000001'::UUID, 'ADM-1A-002',  'Sara Khan',    '2017-07-29', 'female', 'B-', 'Kurla, Mumbai',        '40000000-0000-0000-0000-000000000001'::UUID, '41000000-0000-0000-0000-000000000001'::UUID, '1A02',  '2024-06-03', TRUE);

INSERT INTO parents (
  id, school_id, student_id, full_name, relation, phone, email, auth_user_id, is_primary
)
VALUES
  ('51000000-0000-0000-0000-000000000001'::UUID, '00000000-0000-0000-0000-000000000001'::UUID, '50000000-0000-0000-0000-000000000001'::UUID, 'Neha Sharma',   'mother',  '+91 90000 00006', 'parent@demo.school', '10000000-0000-0000-0000-000000000006'::UUID, TRUE),
  ('51000000-0000-0000-0000-000000000002'::UUID, '00000000-0000-0000-0000-000000000001'::UUID, '50000000-0000-0000-0000-000000000002'::UUID, 'Raj Patel',     'father',  '+91 90000 00022', 'raj.patel@demo.school', NULL, TRUE),
  ('51000000-0000-0000-0000-000000000003'::UUID, '00000000-0000-0000-0000-000000000001'::UUID, '50000000-0000-0000-0000-000000000003'::UUID, 'Meera Mehta',   'mother',  '+91 90000 00023', 'meera.mehta@demo.school', NULL, TRUE),
  ('51000000-0000-0000-0000-000000000004'::UUID, '00000000-0000-0000-0000-000000000001'::UUID, '50000000-0000-0000-0000-000000000004'::UUID, 'Arun Iyer',     'father',  '+91 90000 00024', 'arun.iyer@demo.school', NULL, TRUE),
  ('51000000-0000-0000-0000-000000000005'::UUID, '00000000-0000-0000-0000-000000000001'::UUID, '50000000-0000-0000-0000-000000000005'::UUID, 'Sonia Singh',   'mother',  '+91 90000 00025', 'sonia.singh@demo.school', NULL, TRUE),
  ('51000000-0000-0000-0000-000000000006'::UUID, '00000000-0000-0000-0000-000000000001'::UUID, '50000000-0000-0000-0000-000000000006'::UUID, 'Imran Khan',    'father',  '+91 90000 00026', 'imran.khan@demo.school', NULL, TRUE);

INSERT INTO attendance_records (
  id, school_id, student_id, class_id, section_id, date, status, remarks, marked_by
)
VALUES
  ('52000000-0000-0000-0000-000000000001'::UUID, '00000000-0000-0000-0000-000000000001'::UUID, '50000000-0000-0000-0000-000000000001'::UUID, '40000000-0000-0000-0000-000000000010'::UUID, '41000000-0000-0000-0000-000000000010'::UUID, (CURRENT_DATE - INTERVAL '2 day')::DATE, 'present',  NULL,                     '20000000-0000-0000-0000-000000000003'::UUID),
  ('52000000-0000-0000-0000-000000000002'::UUID, '00000000-0000-0000-0000-000000000001'::UUID, '50000000-0000-0000-0000-000000000002'::UUID, '40000000-0000-0000-0000-000000000010'::UUID, '41000000-0000-0000-0000-000000000010'::UUID, (CURRENT_DATE - INTERVAL '2 day')::DATE, 'late',     'Reached at 9:15 AM',      '20000000-0000-0000-0000-000000000003'::UUID),
  ('52000000-0000-0000-0000-000000000003'::UUID, '00000000-0000-0000-0000-000000000001'::UUID, '50000000-0000-0000-0000-000000000003'::UUID, '40000000-0000-0000-0000-000000000010'::UUID, '41000000-0000-0000-0000-000000000011'::UUID, (CURRENT_DATE - INTERVAL '2 day')::DATE, 'absent',   'Medical leave',           '20000000-0000-0000-0000-000000000007'::UUID),
  ('52000000-0000-0000-0000-000000000004'::UUID, '00000000-0000-0000-0000-000000000001'::UUID, '50000000-0000-0000-0000-000000000004'::UUID, '40000000-0000-0000-0000-000000000002'::UUID, '41000000-0000-0000-0000-000000000002'::UUID, (CURRENT_DATE - INTERVAL '2 day')::DATE, 'present',  NULL,                     '20000000-0000-0000-0000-000000000007'::UUID),
  ('52000000-0000-0000-0000-000000000005'::UUID, '00000000-0000-0000-0000-000000000001'::UUID, '50000000-0000-0000-0000-000000000001'::UUID, '40000000-0000-0000-0000-000000000010'::UUID, '41000000-0000-0000-0000-000000000010'::UUID, (CURRENT_DATE - INTERVAL '1 day')::DATE, 'present',  NULL,                     '20000000-0000-0000-0000-000000000003'::UUID),
  ('52000000-0000-0000-0000-000000000006'::UUID, '00000000-0000-0000-0000-000000000001'::UUID, '50000000-0000-0000-0000-000000000002'::UUID, '40000000-0000-0000-0000-000000000010'::UUID, '41000000-0000-0000-0000-000000000010'::UUID, (CURRENT_DATE - INTERVAL '1 day')::DATE, 'present',  NULL,                     '20000000-0000-0000-0000-000000000003'::UUID),
  ('52000000-0000-0000-0000-000000000007'::UUID, '00000000-0000-0000-0000-000000000001'::UUID, '50000000-0000-0000-0000-000000000003'::UUID, '40000000-0000-0000-0000-000000000010'::UUID, '41000000-0000-0000-0000-000000000011'::UUID, (CURRENT_DATE - INTERVAL '1 day')::DATE, 'half_day', 'Left after lunch',        '20000000-0000-0000-0000-000000000007'::UUID),
  ('52000000-0000-0000-0000-000000000008'::UUID, '00000000-0000-0000-0000-000000000001'::UUID, '50000000-0000-0000-0000-000000000004'::UUID, '40000000-0000-0000-0000-000000000002'::UUID, '41000000-0000-0000-0000-000000000002'::UUID, (CURRENT_DATE - INTERVAL '1 day')::DATE, 'present',  NULL,                     '20000000-0000-0000-0000-000000000007'::UUID),
  ('52000000-0000-0000-0000-000000000009'::UUID, '00000000-0000-0000-0000-000000000001'::UUID, '50000000-0000-0000-0000-000000000005'::UUID, '40000000-0000-0000-0000-000000000001'::UUID, '41000000-0000-0000-0000-000000000001'::UUID, CURRENT_DATE,                              'present',  NULL,                     '20000000-0000-0000-0000-000000000007'::UUID),
  ('52000000-0000-0000-0000-000000000010'::UUID, '00000000-0000-0000-0000-000000000001'::UUID, '50000000-0000-0000-0000-000000000006'::UUID, '40000000-0000-0000-0000-000000000001'::UUID, '41000000-0000-0000-0000-000000000001'::UUID, CURRENT_DATE,                              'holiday',  'School event day',       '20000000-0000-0000-0000-000000000007'::UUID);

-- ------------------------------------------------------------
-- 5) FEES + GRADING RULES
-- ------------------------------------------------------------

INSERT INTO fee_categories (id, school_id, name, description, is_active)
VALUES
  ('53000000-0000-0000-0000-000000000001'::UUID, '00000000-0000-0000-0000-000000000001'::UUID, 'Tuition Fee',   'Monthly tuition charges', TRUE),
  ('53000000-0000-0000-0000-000000000002'::UUID, '00000000-0000-0000-0000-000000000001'::UUID, 'Transport Fee', 'School bus charges', TRUE),
  ('53000000-0000-0000-0000-000000000003'::UUID, '00000000-0000-0000-0000-000000000001'::UUID, 'Library Fee',   'Annual library fee', TRUE),
  ('53000000-0000-0000-0000-000000000004'::UUID, '00000000-0000-0000-0000-000000000001'::UUID, 'Sports Fee',    'Sports and activity fee', TRUE);

INSERT INTO fee_structures (
  id, school_id, class_id, category_id, academic_year_id, amount, due_date, is_active
)
VALUES
  ('54000000-0000-0000-0000-000000000001'::UUID, '00000000-0000-0000-0000-000000000001'::UUID, '40000000-0000-0000-0000-000000000010'::UUID, '53000000-0000-0000-0000-000000000001'::UUID, '30000000-0000-0000-0000-000000000001'::UUID, 12000.00, '2026-04-10', TRUE),
  ('54000000-0000-0000-0000-000000000002'::UUID, '00000000-0000-0000-0000-000000000001'::UUID, '40000000-0000-0000-0000-000000000010'::UUID, '53000000-0000-0000-0000-000000000002'::UUID, '30000000-0000-0000-0000-000000000001'::UUID,  3000.00, '2026-04-10', TRUE),
  ('54000000-0000-0000-0000-000000000003'::UUID, '00000000-0000-0000-0000-000000000001'::UUID, '40000000-0000-0000-0000-000000000010'::UUID, '53000000-0000-0000-0000-000000000003'::UUID, '30000000-0000-0000-0000-000000000001'::UUID,  1000.00, '2026-04-10', TRUE),
  ('54000000-0000-0000-0000-000000000004'::UUID, '00000000-0000-0000-0000-000000000001'::UUID, '40000000-0000-0000-0000-000000000002'::UUID, '53000000-0000-0000-0000-000000000001'::UUID, '30000000-0000-0000-0000-000000000001'::UUID,  6000.00, '2026-04-10', TRUE),
  ('54000000-0000-0000-0000-000000000005'::UUID, '00000000-0000-0000-0000-000000000001'::UUID, '40000000-0000-0000-0000-000000000002'::UUID, '53000000-0000-0000-0000-000000000002'::UUID, '30000000-0000-0000-0000-000000000001'::UUID,  1500.00, '2026-04-10', TRUE),
  ('54000000-0000-0000-0000-000000000006'::UUID, '00000000-0000-0000-0000-000000000001'::UUID, '40000000-0000-0000-0000-000000000001'::UUID, '53000000-0000-0000-0000-000000000001'::UUID, '30000000-0000-0000-0000-000000000001'::UUID,  5000.00, '2026-04-10', TRUE);

INSERT INTO fee_payments (
  id, school_id, student_id, receipt_number, total_amount, paid_amount, discount_amount,
  payment_mode, payment_date, collected_by, reference_number, remarks
)
VALUES
  ('55000000-0000-0000-0000-000000000001'::UUID, '00000000-0000-0000-0000-000000000001'::UUID, '50000000-0000-0000-0000-000000000001'::UUID, 'DHS001-2026-00001', 15000.00, 15000.00, 0.00,   'upi',    (CURRENT_DATE - INTERVAL '10 day')::DATE, '20000000-0000-0000-0000-000000000005'::UUID, 'UPI-TXN-1001', 'Full payment'),
  ('55000000-0000-0000-0000-000000000002'::UUID, '00000000-0000-0000-0000-000000000001'::UUID, '50000000-0000-0000-0000-000000000002'::UUID, 'DHS001-2026-00002', 15000.00, 10000.00, 500.00, 'online', (CURRENT_DATE - INTERVAL '6 day')::DATE,  '20000000-0000-0000-0000-000000000004'::UUID, 'ORD-2002',     'Partial paid'),
  ('55000000-0000-0000-0000-000000000003'::UUID, '00000000-0000-0000-0000-000000000001'::UUID, '50000000-0000-0000-0000-000000000004'::UUID, 'DHS001-2026-00003',  6000.00,  6000.00, 0.00,   'cash',   (CURRENT_DATE - INTERVAL '3 day')::DATE,  '20000000-0000-0000-0000-000000000005'::UUID, 'CASH-6003',    'Collected at counter');

INSERT INTO fee_payment_items (id, payment_id, category_id, amount)
VALUES
  ('55100000-0000-0000-0000-000000000001'::UUID, '55000000-0000-0000-0000-000000000001'::UUID, '53000000-0000-0000-0000-000000000001'::UUID, 12000.00),
  ('55100000-0000-0000-0000-000000000002'::UUID, '55000000-0000-0000-0000-000000000001'::UUID, '53000000-0000-0000-0000-000000000002'::UUID,  3000.00),
  ('55100000-0000-0000-0000-000000000003'::UUID, '55000000-0000-0000-0000-000000000002'::UUID, '53000000-0000-0000-0000-000000000001'::UUID,  9000.00),
  ('55100000-0000-0000-0000-000000000004'::UUID, '55000000-0000-0000-0000-000000000002'::UUID, '53000000-0000-0000-0000-000000000002'::UUID,  1000.00),
  ('55100000-0000-0000-0000-000000000005'::UUID, '55000000-0000-0000-0000-000000000003'::UUID, '53000000-0000-0000-0000-000000000001'::UUID,  6000.00);

INSERT INTO grading_rules (
  id, school_id, class_id, min_marks, max_marks, grade_name, grade_point, description
)
VALUES
  ('56000000-0000-0000-0000-000000000001'::UUID, '00000000-0000-0000-0000-000000000001'::UUID, NULL, 91, 100, 'A1', 10.0, 'Outstanding'),
  ('56000000-0000-0000-0000-000000000002'::UUID, '00000000-0000-0000-0000-000000000001'::UUID, NULL, 81,  90, 'A2',  9.0, 'Excellent'),
  ('56000000-0000-0000-0000-000000000003'::UUID, '00000000-0000-0000-0000-000000000001'::UUID, NULL, 71,  80, 'B1',  8.0, 'Very Good'),
  ('56000000-0000-0000-0000-000000000004'::UUID, '00000000-0000-0000-0000-000000000001'::UUID, NULL, 61,  70, 'B2',  7.0, 'Good'),
  ('56000000-0000-0000-0000-000000000005'::UUID, '00000000-0000-0000-0000-000000000001'::UUID, NULL, 51,  60, 'C1',  6.0, 'Average'),
  ('56000000-0000-0000-0000-000000000006'::UUID, '00000000-0000-0000-0000-000000000001'::UUID, NULL, 35,  50, 'C2',  5.0, 'Needs Improvement'),
  ('56000000-0000-0000-0000-000000000007'::UUID, '00000000-0000-0000-0000-000000000001'::UUID, NULL,  0,  34, 'F',   0.0, 'Fail');

-- ------------------------------------------------------------
-- 6) EXAMS + SUBJECTS + MARKS
-- ------------------------------------------------------------

INSERT INTO exams (
  id, school_id, class_id, academic_year_id, name, start_date, end_date, status,
  result_visible, created_by, published_by, published_at
)
VALUES
  ('57000000-0000-0000-0000-000000000001'::UUID, '00000000-0000-0000-0000-000000000001'::UUID, '40000000-0000-0000-0000-000000000010'::UUID, '30000000-0000-0000-0000-000000000001'::UUID, 'Term 1 Examination', '2026-01-10', '2026-01-20', 'locked',    TRUE,  '20000000-0000-0000-0000-000000000002'::UUID, '20000000-0000-0000-0000-000000000002'::UUID, NOW() - INTERVAL '15 day'),
  ('57000000-0000-0000-0000-000000000002'::UUID, '00000000-0000-0000-0000-000000000001'::UUID, '40000000-0000-0000-0000-000000000010'::UUID, '30000000-0000-0000-0000-000000000001'::UUID, 'Unit Test 2',         '2026-02-05', '2026-02-08', 'published', FALSE, '20000000-0000-0000-0000-000000000003'::UUID, NULL,                                   NULL),
  ('57000000-0000-0000-0000-000000000003'::UUID, '00000000-0000-0000-0000-000000000001'::UUID, '40000000-0000-0000-0000-000000000002'::UUID, '30000000-0000-0000-0000-000000000001'::UUID, 'Foundation Test',     '2026-03-20', '2026-03-21', 'draft',     FALSE, '20000000-0000-0000-0000-000000000002'::UUID, NULL,                                   NULL),
  ('57000000-0000-0000-0000-000000000004'::UUID, '00000000-0000-0000-0000-000000000001'::UUID, '40000000-0000-0000-0000-000000000001'::UUID, '30000000-0000-0000-0000-000000000001'::UUID, 'Baseline Assessment', '2026-01-03', '2026-01-04', 'completed', FALSE, '20000000-0000-0000-0000-000000000007'::UUID, NULL,                                   NULL);

INSERT INTO exam_subjects (
  id, school_id, exam_id, subject_id, exam_date, start_time, duration_mins, max_marks, pass_marks
)
VALUES
  ('57100000-0000-0000-0000-000000000001'::UUID, '00000000-0000-0000-0000-000000000001'::UUID, '57000000-0000-0000-0000-000000000001'::UUID, '42000000-0000-0000-0000-000000000001'::UUID, '2026-01-10', '09:00', 120, 100, 35),
  ('57100000-0000-0000-0000-000000000002'::UUID, '00000000-0000-0000-0000-000000000001'::UUID, '57000000-0000-0000-0000-000000000001'::UUID, '42000000-0000-0000-0000-000000000002'::UUID, '2026-01-14', '09:00', 120, 100, 35),
  ('57100000-0000-0000-0000-000000000003'::UUID, '00000000-0000-0000-0000-000000000001'::UUID, '57000000-0000-0000-0000-000000000001'::UUID, '42000000-0000-0000-0000-000000000003'::UUID, '2026-01-18', '09:00', 120, 100, 35),
  ('57100000-0000-0000-0000-000000000004'::UUID, '00000000-0000-0000-0000-000000000001'::UUID, '57000000-0000-0000-0000-000000000002'::UUID, '42000000-0000-0000-0000-000000000001'::UUID, '2026-02-05', '09:00',  90,  50, 18),
  ('57100000-0000-0000-0000-000000000005'::UUID, '00000000-0000-0000-0000-000000000001'::UUID, '57000000-0000-0000-0000-000000000002'::UUID, '42000000-0000-0000-0000-000000000002'::UUID, '2026-02-07', '09:00',  90,  50, 18),
  ('57100000-0000-0000-0000-000000000006'::UUID, '00000000-0000-0000-0000-000000000001'::UUID, '57000000-0000-0000-0000-000000000003'::UUID, '42000000-0000-0000-0000-000000000004'::UUID, '2026-03-20', '10:00',  60,  30, 10);

INSERT INTO marks (
  id, school_id, exam_id, exam_subject_id, student_id, marks_obtained, grade, is_absent, entered_by, entered_at
)
VALUES
  ('57200000-0000-0000-0000-000000000001'::UUID, '00000000-0000-0000-0000-000000000001'::UUID, '57000000-0000-0000-0000-000000000001'::UUID, '57100000-0000-0000-0000-000000000001'::UUID, '50000000-0000-0000-0000-000000000001'::UUID, 88, 'A2', FALSE, '20000000-0000-0000-0000-000000000003'::UUID, NOW() - INTERVAL '20 day'),
  ('57200000-0000-0000-0000-000000000002'::UUID, '00000000-0000-0000-0000-000000000001'::UUID, '57000000-0000-0000-0000-000000000001'::UUID, '57100000-0000-0000-0000-000000000002'::UUID, '50000000-0000-0000-0000-000000000001'::UUID, 92, 'A1', FALSE, '20000000-0000-0000-0000-000000000003'::UUID, NOW() - INTERVAL '20 day'),
  ('57200000-0000-0000-0000-000000000003'::UUID, '00000000-0000-0000-0000-000000000001'::UUID, '57000000-0000-0000-0000-000000000001'::UUID, '57100000-0000-0000-0000-000000000003'::UUID, '50000000-0000-0000-0000-000000000001'::UUID, 81, 'A2', FALSE, '20000000-0000-0000-0000-000000000003'::UUID, NOW() - INTERVAL '20 day'),
  ('57200000-0000-0000-0000-000000000004'::UUID, '00000000-0000-0000-0000-000000000001'::UUID, '57000000-0000-0000-0000-000000000001'::UUID, '57100000-0000-0000-0000-000000000001'::UUID, '50000000-0000-0000-0000-000000000002'::UUID, 76, 'B1', FALSE, '20000000-0000-0000-0000-000000000003'::UUID, NOW() - INTERVAL '20 day'),
  ('57200000-0000-0000-0000-000000000005'::UUID, '00000000-0000-0000-0000-000000000001'::UUID, '57000000-0000-0000-0000-000000000001'::UUID, '57100000-0000-0000-0000-000000000002'::UUID, '50000000-0000-0000-0000-000000000002'::UUID, 69, 'B2', FALSE, '20000000-0000-0000-0000-000000000003'::UUID, NOW() - INTERVAL '20 day'),
  ('57200000-0000-0000-0000-000000000006'::UUID, '00000000-0000-0000-0000-000000000001'::UUID, '57000000-0000-0000-0000-000000000001'::UUID, '57100000-0000-0000-0000-000000000003'::UUID, '50000000-0000-0000-0000-000000000002'::UUID, NULL, 'AB', TRUE,  '20000000-0000-0000-0000-000000000003'::UUID, NOW() - INTERVAL '20 day'),
  ('57200000-0000-0000-0000-000000000007'::UUID, '00000000-0000-0000-0000-000000000001'::UUID, '57000000-0000-0000-0000-000000000001'::UUID, '57100000-0000-0000-0000-000000000001'::UUID, '50000000-0000-0000-0000-000000000003'::UUID, 55, 'C1', FALSE, '20000000-0000-0000-0000-000000000007'::UUID, NOW() - INTERVAL '20 day'),
  ('57200000-0000-0000-0000-000000000008'::UUID, '00000000-0000-0000-0000-000000000001'::UUID, '57000000-0000-0000-0000-000000000001'::UUID, '57100000-0000-0000-0000-000000000002'::UUID, '50000000-0000-0000-0000-000000000003'::UUID, 48, 'C2', FALSE, '20000000-0000-0000-0000-000000000007'::UUID, NOW() - INTERVAL '20 day'),
  ('57200000-0000-0000-0000-000000000009'::UUID, '00000000-0000-0000-0000-000000000001'::UUID, '57000000-0000-0000-0000-000000000001'::UUID, '57100000-0000-0000-0000-000000000003'::UUID, '50000000-0000-0000-0000-000000000003'::UUID, 62, 'B2', FALSE, '20000000-0000-0000-0000-000000000007'::UUID, NOW() - INTERVAL '20 day'),
  ('57200000-0000-0000-0000-000000000010'::UUID, '00000000-0000-0000-0000-000000000001'::UUID, '57000000-0000-0000-0000-000000000002'::UUID, '57100000-0000-0000-0000-000000000004'::UUID, '50000000-0000-0000-0000-000000000001'::UUID, 42, 'A2', FALSE, '20000000-0000-0000-0000-000000000003'::UUID, NOW() - INTERVAL '8 day'),
  ('57200000-0000-0000-0000-000000000011'::UUID, '00000000-0000-0000-0000-000000000001'::UUID, '57000000-0000-0000-0000-000000000002'::UUID, '57100000-0000-0000-0000-000000000005'::UUID, '50000000-0000-0000-0000-000000000001'::UUID, 44, 'A1', FALSE, '20000000-0000-0000-0000-000000000003'::UUID, NOW() - INTERVAL '8 day'),
  ('57200000-0000-0000-0000-000000000012'::UUID, '00000000-0000-0000-0000-000000000001'::UUID, '57000000-0000-0000-0000-000000000002'::UUID, '57100000-0000-0000-0000-000000000004'::UUID, '50000000-0000-0000-0000-000000000002'::UUID, 35, 'B1', FALSE, '20000000-0000-0000-0000-000000000003'::UUID, NOW() - INTERVAL '8 day');

-- ------------------------------------------------------------
-- 7) INVENTORY / POS
-- ------------------------------------------------------------

INSERT INTO inventory_items (
  id, school_id, name, category, sku, description, unit_price, cost_price,
  stock_quantity, low_stock_alert, is_active, created_by
)
VALUES
  ('58000000-0000-0000-0000-000000000001'::UUID, '00000000-0000-0000-0000-000000000001'::UUID, 'Mathematics Textbook Grade 10', 'book',       'BOOK-MATH-10', 'CBSE aligned textbook',         450.00, 300.00, 120, 20, TRUE, '20000000-0000-0000-0000-000000000004'::UUID),
  ('58000000-0000-0000-0000-000000000002'::UUID, '00000000-0000-0000-0000-000000000001'::UUID, 'Science Lab Manual',            'lab',        'LAB-SCI-10',   'Practical experiments manual',  250.00, 160.00,  40, 10, TRUE, '20000000-0000-0000-0000-000000000004'::UUID),
  ('58000000-0000-0000-0000-000000000003'::UUID, '00000000-0000-0000-0000-000000000001'::UUID, 'School Tie',                    'uniform',    'UNI-TIE-01',   'School uniform tie',            150.00,  80.00,  80, 15, TRUE, '20000000-0000-0000-0000-000000000004'::UUID),
  ('58000000-0000-0000-0000-000000000004'::UUID, '00000000-0000-0000-0000-000000000001'::UUID, 'A4 Notebook',                   'stationery', 'STA-NOTE-A4',  '200 pages ruled notebook',       60.00,  35.00, 300, 50, TRUE, '20000000-0000-0000-0000-000000000004'::UUID),
  ('58000000-0000-0000-0000-000000000005'::UUID, '00000000-0000-0000-0000-000000000001'::UUID, 'Cricket Ball',                  'sports',     'SPT-CRIC-01',  'Practice cricket ball',         220.00, 130.00,  35, 10, TRUE, '20000000-0000-0000-0000-000000000004'::UUID),
  ('58000000-0000-0000-0000-000000000006'::UUID, '00000000-0000-0000-0000-000000000001'::UUID, 'Drawing Kit',                   'other',      'OTH-DRW-01',   'Color pencils and sheets',      180.00, 110.00,  25,  8, TRUE, '20000000-0000-0000-0000-000000000004'::UUID);

INSERT INTO stock_adjustments (
  id, school_id, item_id, type, quantity, reason, adjusted_by
)
VALUES
  ('58100000-0000-0000-0000-000000000001'::UUID, '00000000-0000-0000-0000-000000000001'::UUID, '58000000-0000-0000-0000-000000000001'::UUID, 'add',  120, 'Initial stock load', '20000000-0000-0000-0000-000000000004'::UUID),
  ('58100000-0000-0000-0000-000000000002'::UUID, '00000000-0000-0000-0000-000000000001'::UUID, '58000000-0000-0000-0000-000000000002'::UUID, 'add',   40, 'Initial stock load', '20000000-0000-0000-0000-000000000004'::UUID),
  ('58100000-0000-0000-0000-000000000003'::UUID, '00000000-0000-0000-0000-000000000001'::UUID, '58000000-0000-0000-0000-000000000004'::UUID, 'add',  300, 'Initial stock load', '20000000-0000-0000-0000-000000000004'::UUID),
  ('58100000-0000-0000-0000-000000000004'::UUID, '00000000-0000-0000-0000-000000000001'::UUID, '58000000-0000-0000-0000-000000000001'::UUID, 'sale',  -2, 'POS sale DHS001-INV-0001', '20000000-0000-0000-0000-000000000005'::UUID),
  ('58100000-0000-0000-0000-000000000005'::UUID, '00000000-0000-0000-0000-000000000001'::UUID, '58000000-0000-0000-0000-000000000004'::UUID, 'sale',  -5, 'POS sale DHS001-INV-0001', '20000000-0000-0000-0000-000000000005'::UUID);

INSERT INTO inventory_sales (
  id, school_id, student_id, bill_number, total_amount, payment_mode, sold_by, sale_date
)
VALUES
  ('58200000-0000-0000-0000-000000000001'::UUID, '00000000-0000-0000-0000-000000000001'::UUID, '50000000-0000-0000-0000-000000000001'::UUID, 'DHS001-INV-0001', 1200.00, 'cash', '20000000-0000-0000-0000-000000000005'::UUID, NOW() - INTERVAL '2 day'),
  ('58200000-0000-0000-0000-000000000002'::UUID, '00000000-0000-0000-0000-000000000001'::UUID, NULL,                                      'DHS001-INV-0002',  510.00, 'upi',  '20000000-0000-0000-0000-000000000004'::UUID, NOW() - INTERVAL '1 day');

INSERT INTO inventory_sale_items (
  id, school_id, sale_id, item_id, quantity, unit_price, total_price
)
VALUES
  ('58300000-0000-0000-0000-000000000001'::UUID, '00000000-0000-0000-0000-000000000001'::UUID, '58200000-0000-0000-0000-000000000001'::UUID, '58000000-0000-0000-0000-000000000001'::UUID, 2, 450.00, 900.00),
  ('58300000-0000-0000-0000-000000000002'::UUID, '00000000-0000-0000-0000-000000000001'::UUID, '58200000-0000-0000-0000-000000000001'::UUID, '58000000-0000-0000-0000-000000000004'::UUID, 5,  60.00, 300.00),
  ('58300000-0000-0000-0000-000000000003'::UUID, '00000000-0000-0000-0000-000000000001'::UUID, '58200000-0000-0000-0000-000000000002'::UUID, '58000000-0000-0000-0000-000000000003'::UUID, 1, 150.00, 150.00),
  ('58300000-0000-0000-0000-000000000004'::UUID, '00000000-0000-0000-0000-000000000001'::UUID, '58200000-0000-0000-0000-000000000002'::UUID, '58000000-0000-0000-0000-000000000005'::UUID, 1, 220.00, 220.00),
  ('58300000-0000-0000-0000-000000000005'::UUID, '00000000-0000-0000-0000-000000000001'::UUID, '58200000-0000-0000-0000-000000000002'::UUID, '58000000-0000-0000-0000-000000000006'::UUID, 1, 140.00, 140.00);

-- ------------------------------------------------------------
-- 8) NOTIFICATION LOGS
-- ------------------------------------------------------------

INSERT INTO notification_logs (
  id, school_id, type, event, recipient_id, recipient_email, subject, status, error_msg, sent_at
)
VALUES
  ('59000000-0000-0000-0000-000000000001'::UUID, '00000000-0000-0000-0000-000000000001'::UUID, 'email', 'fee_receipt',      '20000000-0000-0000-0000-000000000006'::UUID, 'parent@demo.school',       'Receipt DHS001-2026-00001', 'sent',   NULL, NOW() - INTERVAL '10 day'),
  ('59000000-0000-0000-0000-000000000002'::UUID, '00000000-0000-0000-0000-000000000001'::UUID, 'email', 'attendance_alert', '20000000-0000-0000-0000-000000000006'::UUID, 'parent@demo.school',       'Attendance alert: Rohan',   'sent',   NULL, NOW() - INTERVAL '1 day'),
  ('59000000-0000-0000-0000-000000000003'::UUID, '00000000-0000-0000-0000-000000000001'::UUID, 'email', 'exam_notification','20000000-0000-0000-0000-000000000006'::UUID, 'parent@demo.school',       'Term 1 results published',  'sent',   NULL, NOW() - INTERVAL '15 day'),
  ('59000000-0000-0000-0000-000000000004'::UUID, '00000000-0000-0000-0000-000000000001'::UUID, 'email', 'inventory_receipt',NULL,                                      'walkin.customer@demo.school','Bill DHS001-INV-0002',      'failed', 'Mailbox not found', NOW() - INTERVAL '1 day');

COMMIT;

-- ------------------------------------------------------------
-- Demo login credentials
-- ------------------------------------------------------------
-- superadmin@edunexus.demo / SuperAdmin@123
-- admin@demo.school       / Admin@1234
-- teacher1@demo.school    / Teacher@1234
-- teacher2@demo.school    / Teacher2@1234
-- manager@demo.school     / Manager@1234
-- cashier@demo.school     / Cashier@1234
-- parent@demo.school      / Parent@1234
